{
    "movies": [
        {
            "id": 1,
            "title": "Thor",
            "image": "1.jpg",
            "genre": "Action, Adenture, comedy",
            "director": "Taika Waititi",
            "stars": "Chris Hemsworth, Tom Hiddleston, Cate Blanchett, Mark Ruffalo",
            "plot": "Thor is imprisoned on the planet Sakaar, and must race against time to return to Asgard and stop Ragnarök, the destruction of his world, at the hands of the powerful and ruthless villain Hela.",
            "currency": "THB",
			"releasedate": "4,Apr 2024",
            "duration":"3h 4m",
            "prices": {
                "normal": 200,
                "superior": 300,
                "sofa": 600
            }
        },
        {
            "id": 2,
            "title": "Wonder woman",
            "genre": "Action, Adenture, Fantasy",
            "director": "Patty Jenkins",
            "stars": "Gal Gadot, Chris Pine, Robin Wright, Lucy Davis",
            "plot": "When a pilot crashes and tells of conflict in the outside world, Diana, an Amazonian warrior in training, leaves home to fight a war, discovering her full powers and true destiny.",
            "image": "2.jpg",
            "currency": "THB",
            "releasedate": "5,May 2024",
            "duration":"3h 0m",
            "prices": {
                "normal": 200,
                "superior": 300,
                "sofa": 600
            }
        },
        {
            "id": 3,
            "title": "Logan",
            "genre": "Action, Drama, Sci-Fi",
            "director": "James Mangold ",
            "stars": "Hugh Jackman, Patrick Stewart, Dafne Keen, Boyd Holbrook",
            "plot": "In the near future, a weary Logan cares for an ailing Professor X, somewhere on the Mexican border. However, Logan's attempts to hide from the world, and his legacy, are upended when a young mutant arrives, pursued by dark forces.",
            "image": "3.jpeg",
            "currency": "THB",
            "releasedate": "22,Apr 2024",
            "duration":"3h 14m",
            "prices": {
                "normal": 200,
                "superior": 300,
                "sofa": 600
            }
        },
        {
            "id": 4,
            "title": "Despicable me 3",
            "genre": "Action, Drama, Sci-Fi",
            "director": "James Mangold ",
            "stars": "Hugh Jackman, Patrick Stewart, Dafne Keen, Boyd Holbrook",
            "plot": "Gru meets his long-lost charming, cheerful, and more successful twin brother Dru who wants to team up with him for one last criminal heist.",
            "image": "4.jpg",
            "currency": "THB",
            "releasedate": "24,May 2024",
            "duration":"3h 20m",
            "prices": {
                "normal": 200,
                "superior": 300,
                "sofa": 600
            }
        },
        {
            "id": 5,
            "title": "Star war",
            "genre": "Action, Drama, Sci-Fi",
            "director": "James Mangold ",
            "stars": "Hugh Jackman, Patrick Stewart, Dafne Keen, Boyd Holbrook",
            "plot": "Rey develops her newly discovered abilities with the guidance of Luke Skywalker, who is unsettled by the strength of her powers. Meanwhile, the Resistance prepares for battle with the First Order.",
            "image": "5.jpg",
            "currency": "THB",
            "releasedate": "3,Apr 2024",
            "duration":"3h 4m",
            "prices": {
                "normal": 200,
                "superior": 300,
                "sofa": 600
            }
        },
        {
            "id": 6,
            "title": "Pitch Perfect 3",
            "genre": "Animation, Action, Adventure",
            "director": "Trish Sie",
            "stars": "Anna Kendrick, Rebel Wilson, Brittany Snow, Anna Camp",
            "plot": "Following their win at the world championship, the now separated Bellas reunite for one last singing competition at an overseas USO tour, but face a group who uses both instruments and voices.",
            "image": "6.jpg",
            "currency": "THB",
            "releasedate": "4,Apr 2024",
            "duration":"3h 4m",
            "prices": {
                "normal": 200,
                "superior": 300,
                "sofa": 600
            }
        },
        {
            "id": 7,
            "title": "Opération casse-noisette 2",
            "genre": "Animation, Action, Adventure",
            "director": "Cal Brunker",
            "stars": "Will Arnett, Maya Rudolph, Bobby Cannavale, Bobby Moynihan",
            "plot": "Following the events of the first film, Surly and his friends must stop Oakton City's mayor from destroying their home to make way for a dysfunctional amusement park.",
            "image": "7.jpg",
            "currency": "THB",
            "releasedate": "4,Apr 2024",
            "duration":"3h 4m",
            "prices": {
                "normal": 200,
                "superior": 300,
                "sofa": 600
            }
        }
    ],    
    "latestMovies": [
        {
            "id": 1,
            "title": "Thor",
            "image": "1.jpg",
            "genre": "Action, Adenture, comedy",
            "director": "Taika Waititi",
            "stars": "Chris Hemsworth, Tom Hiddleston, Cate Blanchett, Mark Ruffalo",
            "plot": "Thor is imprisoned on the planet Sakaar, and must race against time to return to Asgard and stop Ragnarök, the destruction of his world, at the hands of the powerful and ruthless villain Hela.",
            "currency": "THB",
            "path": "/Thor",
            "prices": {
                "normal": 200,
                "superior": 300,
                "sofa": 600
            }
        },
        {
            "id": 2,
            "title": "Wonder woman",
            "genre": "Action, Adenture, Fantasy",
            "director": "Patty Jenkins",
            "stars": "Gal Gadot, Chris Pine, Robin Wright, Lucy Davis",
            "plot": "When a pilot crashes and tells of conflict in the outside world, Diana, an Amazonian warrior in training, leaves home to fight a war, discovering her full powers and true destiny.",
            "image": "2.jpg",
            "currency": "THB",
            "path": "/Wonderwoman",
            "prices": {
                "normal": 200,
                "superior": 300,
                "sofa": 600
            }
        },
        {
            "id": 3,
            "title": "Logan",
            "genre": "Action, Drama, Sci-Fi",
            "director": "James Mangold ",
            "stars": "Hugh Jackman, Patrick Stewart, Dafne Keen, Boyd Holbrook",
            "plot": "In the near future, a weary Logan cares for an ailing Professor X, somewhere on the Mexican border. However, Logan's attempts to hide from the world, and his legacy, are upended when a young mutant arrives, pursued by dark forces.",
            "image": "3.jpeg",
            "currency": "THB",
            "path": "/Logan",
            "prices": {
                "normal": 200,
                "superior": 300,
                "sofa": 600
            }
        },
        {
            "id": 4,
            "title": "Despicable me 3",
            "genre": "Action, Drama, Sci-Fi",
            "director": "James Mangold ",
            "stars": "Hugh Jackman, Patrick Stewart, Dafne Keen, Boyd Holbrook",
            "plot": "Gru meets his long-lost charming, cheerful, and more successful twin brother Dru who wants to team up with him for one last criminal heist.",
            "image": "4.jpg",
            "currency": "THB",
            "path": "/Despicable",
            "prices": {
                "normal": 200,
                "superior": 300,
                "sofa": 600
            }
        }
    ],
    "transactions": [
        {
            "movieId": 4,
            "price": 200,
            "currency": "THB",
            "userId": "he6fe54u4s56o71d36z51no",
            "id": 1
        },
        {
            "movieId": 2,
            "price": 300,
            "currency": "THB",
            "userId": "he6fe54u4s56o71d36z51no",
            "id": 2
        },
        {
            "movieId": 5,
            "price": 300,
            "currency": "THB",
            "userId": "he6fe54u4s56o71d36z51no",
            "id": 3
        }
    ],
    "upcomingmovies": [
        {
            "id": "1",
            "title": "A370",
            "image": "A370.jpg",
            "releasedate": "4,Apr 2024"
        },
        {
            "id": "2",
            "title": "Dune",
            "image": "dune.jpg",
            "releasedate": "14,Apr 2024"
        },
        {
            "id": "3",
            "title": "Godzilla",
            "image": "godzilla.jpg",
            "releasedate": "24,May 2024"
        },
        {
            "id": "4",
            "title": "Kung Fu",
            "image": "kung fu.jpg",
            "releasedate": "1,June 2024"
        },
        {
            "id": "5",
            "title": "Yodha",
            "image": "yodha.jpg",
            "releasedate": "26,May 2024"
        }
    ],
    "Events": [
        {
            "id": "1",
            "eventType": "Art & Craft",
            "image": "artcraft.jpg",
            "eventDate": "Fri,5 Apr"
        },
        {
            "id": "2",
            "title": "comedy funny",
            "image": "coedyshow.jpg",
            "eventDate": "Sun,28 Apr"
        },
        {
            "id": "3",
            "title": "sports",
            "image": "ipl.jpg",
            "eventDate": "Mon,8 Apr"
        },
        {
            "id": "4",
            "title": "music",
            "image": "music.jpg",
            "eventDate": "Sat,4 May"
        },
        {
            "id": "5",
            "title": "skill education",
            "image": "upskill.jpg",
            "eventDate": "Sat,12 May"
        }
    ]
}